{
    "loss": 2.8797972202301025,
    "accuracy": 0.9136690497398376
}